id,first_name,last_name,email,gender,ip_address
1,Lenci,Calfe,lcalfe0@addthis.com,Male,32.174.223.110
2,Ottilie,Leuchars,oleuchars1@wufoo.com,Bigender,8.42.61.29
3,Clementius,O'Mahoney,comahoney2@ca.gov,Male,95.56.93.23
4,Gilburt,Alpes,galpes3@seesaa.net,Genderqueer,167.168.65.46
5,Sidnee,Tyres,styres4@yandex.ru,Male,129.209.146.121
6,Demetrius,Blamey,dblamey5@exblog.jp,Male,58.196.210.20
7,Raoul,Hagwood,rhagwood6@paginegialle.it,Male,42.253.4.78
8,Laureen,Marran,lmarran7@rambler.ru,Female,23.218.117.96
9,Levey,Scolding,lscolding8@csmonitor.com,Male,140.102.188.148
10,Marina,Cratere,mcratere9@stumbleupon.com,Female,135.16.45.1
